{"cameraMode":{"drawMode":0,"name":"Shaded","section":"Shading Mode"},"sceneLighting":true,"audioPlay":false,"sceneViewState":{"m_AlwaysRefresh":false,"showFog":true,"showSkybox":true,"showFlares":true,"showImageEffects":true,"showParticleSystems":true,"showVisualEffectGraphs":true,"m_FxEnabled":true},"in2DMode":false,"pivot":{"x":2.8277997970581056,"y":4.234523296356201,"z":-15.700908660888672},"rotation":{"x":-0.0007524406537413597,"y":0.9859099984169006,"z":-0.16720890998840333,"w":-0.004436635412275791},"size":5.459850311279297,"orthographic":true}